Metric,Average,Atelectasis,Cardiomegaly,Consolidation,Edema,Pleural Effusion,Enlarged Cardiomediastinum,Lung Opacity,Lung Lesion,Pneumonia,Pneumothorax,Pleural Other,Fracture,Support Devices
auc,0.719842255115509,0.8155033,0.7835755,0.8830092,0.93204,0.90302974,0.5915597,0.8963109,0.10729611,0.75940263,0.9402655,0.82403433,0.0,0.92192215
f1,0.2998136579990387,0.4074074,0.16216215,0.0,0.6666667,0.6969697,0.018181818,0.8138528,0.0,0.0,0.30769232,0.0,0.0,0.82464457
prec,0.49039870500564575,0.78571427,1.0,0.0,0.75,0.7076923,1.0,0.8952381,0.0,0.0,0.4,0.0,0.0,0.83653843
rec,0.26677635312080383,-1.0,-1.0,-1.0,-1.0,-1.0,-1.0,-1.0,-1.0,-1.0,-1.0,-1.0,-1.0,-1.0
