Metric,Average,Atelectasis,Cardiomegaly,Consolidation,Edema,Pleural Effusion,Enlarged Cardiomediastinum,Lung Opacity,Lung Lesion,Pneumonia,Pneumothorax,Pleural Other,Fracture,Support Devices
auc,0.7852598428726196,0.71988255,0.84811187,0.72645646,0.84784245,0.8702898,0.6431396,0.7289552,0.7781719,0.7410517,0.83425516,0.8097431,0.7762369,0.88424134
f1,0.31318098306655884,0.29685438,0.3744067,0.007797795,0.6095889,0.7419376,0.022594107,0.6919642,0.079019316,0.067108504,0.3165025,0.00483559,0.03206734,0.82667553
prec,0.6378580331802368,0.5813559,0.6993616,0.6236559,0.71170694,0.6919378,0.51341,0.6398396,0.67368424,0.5551379,0.722012,0.53571427,0.53872055,0.80561745
rec,0.28498104214668274,-1.0,-1.0,-1.0,-1.0,-1.0,-1.0,-1.0,-1.0,-1.0,-1.0,-1.0,-1.0,-1.0
